{
    "BLEU-1": 62.38790975334047,
    "BLEU-2": 40.0049954599007,
    "BLEU-3": 26.746369418301484,
    "BLEU-4": 17.71285061746981
}