{
    "BLEU-1": 61.30301361240066,
    "BLEU-2": 39.36727717595423,
    "BLEU-3": 26.44703079308816,
    "BLEU-4": 17.528403155540293
}