{
    "BLEU-1": 59.55882352941176,
    "BLEU-2": 37.57435496419068,
    "BLEU-3": 24.264940650069292,
    "BLEU-4": 15.570119087495716
}